account_id,company_name,segment,country_code,crm_company_id,billing_customer_id,created_at
acct_0001,Northstar Customer 0001,SMB,FR,hs_100001,cus_bench_100001,2026-03-04T00:00:00+00:00
acct_0002,Northstar Customer 0002,Mid-market,DE,hs_100002,cus_bench_100002,2026-03-05T00:00:00+00:00
acct_0003,Northstar Customer 0003,Enterprise,GB,hs_100003,cus_bench_100003,2026-03-06T00:00:00+00:00
acct_0004,Northstar Customer 0004,SMB,US,hs_100004,cus_bench_100004,2026-03-07T00:00:00+00:00
acct_0005,Northstar Customer 0005,Mid-market,ES,hs_100005,cus_bench_100005,2026-03-08T00:00:00+00:00
acct_0006,Northstar Customer 0006,Enterprise,FR,hs_100006,cus_bench_100006,2026-03-09T00:00:00+00:00
acct_0007,Northstar Customer 0007,SMB,DE,hs_100007,cus_bench_100007,2026-03-10T00:00:00+00:00
acct_0008,Northstar Customer 0008,Mid-market,GB,hs_100008,cus_bench_100008,2026-03-11T00:00:00+00:00
acct_0009,Northstar Customer 0009,Enterprise,US,hs_100009,cus_bench_100009,2026-03-12T00:00:00+00:00
acct_0010,Northstar Customer 0010,SMB,ES,hs_100010,cus_bench_100010,2026-03-13T00:00:00+00:00
acct_0011,Northstar Customer 0011,Mid-market,FR,hs_100011,cus_bench_100011,2026-03-14T00:00:00+00:00
acct_0012,Northstar Customer 0012,Enterprise,DE,hs_100012,cus_bench_100012,2026-03-15T00:00:00+00:00
acct_0013,Northstar Customer 0013,SMB,GB,hs_100013,cus_bench_100013,2026-03-16T00:00:00+00:00
acct_0014,Northstar Customer 0014,Mid-market,US,hs_100014,cus_bench_100014,2026-03-17T00:00:00+00:00
acct_0015,Northstar Customer 0015,Enterprise,ES,hs_100015,cus_bench_100015,2026-03-18T00:00:00+00:00
acct_0016,Northstar Customer 0016,SMB,FR,hs_100016,cus_bench_100016,2026-03-19T00:00:00+00:00
acct_0017,Northstar Customer 0017,Mid-market,DE,hs_100017,cus_bench_100017,2026-03-20T00:00:00+00:00
acct_0018,Northstar Customer 0018,Enterprise,GB,hs_100018,cus_bench_100018,2026-03-21T00:00:00+00:00
acct_0019,Northstar Customer 0019,SMB,US,hs_100019,cus_bench_100019,2026-03-22T00:00:00+00:00
acct_0020,Northstar Customer 0020,Mid-market,ES,hs_100020,cus_bench_100020,2026-03-23T00:00:00+00:00
acct_0021,Northstar Customer 0021,Enterprise,FR,hs_100021,cus_bench_100021,2026-03-24T00:00:00+00:00
acct_0022,Northstar Customer 0022,SMB,DE,hs_100022,cus_bench_100022,2026-03-25T00:00:00+00:00
acct_0023,Northstar Customer 0023,Mid-market,GB,hs_100023,cus_bench_100023,2026-03-26T00:00:00+00:00
acct_0024,Northstar Customer 0024,Enterprise,US,hs_100024,cus_bench_100024,2026-03-27T00:00:00+00:00
acct_0025,Northstar Customer 0025,SMB,ES,hs_100025,cus_bench_100025,2026-03-28T00:00:00+00:00
acct_0026,Northstar Customer 0026,Mid-market,FR,hs_100026,cus_bench_100026,2026-03-29T00:00:00+00:00
acct_0027,Northstar Customer 0027,Enterprise,DE,hs_100027,cus_bench_100027,2026-03-30T00:00:00+00:00
acct_0028,Northstar Customer 0028,SMB,GB,hs_100028,cus_bench_100028,2026-03-31T00:00:00+00:00
acct_0029,Northstar Customer 0029,Mid-market,US,hs_100029,cus_bench_100029,2026-04-01T00:00:00+00:00
acct_0030,Northstar Customer 0030,Enterprise,ES,hs_100030,cus_bench_100030,2026-04-02T00:00:00+00:00
acct_0031,Northstar Customer 0031,SMB,FR,hs_100031,cus_bench_100031,2026-04-03T00:00:00+00:00
acct_0032,Northstar Customer 0032,Mid-market,DE,hs_100032,cus_bench_100032,2026-04-04T00:00:00+00:00
acct_0033,Northstar Customer 0033,Enterprise,GB,hs_100033,cus_bench_100033,2026-04-05T00:00:00+00:00
acct_0034,Northstar Customer 0034,SMB,US,hs_100034,cus_bench_100034,2026-04-06T00:00:00+00:00
acct_0035,Northstar Customer 0035,Mid-market,ES,hs_100035,cus_bench_100035,2026-04-07T00:00:00+00:00
acct_0036,Northstar Customer 0036,Enterprise,FR,hs_100036,cus_bench_100036,2026-04-08T00:00:00+00:00
acct_0037,Northstar Customer 0037,SMB,DE,hs_100037,cus_bench_100037,2026-04-09T00:00:00+00:00
acct_0038,Northstar Customer 0038,Mid-market,GB,hs_100038,cus_bench_100038,2026-04-10T00:00:00+00:00
acct_0039,Northstar Customer 0039,Enterprise,US,hs_100039,cus_bench_100039,2026-04-11T00:00:00+00:00
acct_0040,Northstar Customer 0040,SMB,ES,hs_100040,cus_bench_100040,2026-04-12T00:00:00+00:00
acct_0041,Northstar Customer 0041,Mid-market,FR,hs_100041,cus_bench_100041,2026-04-13T00:00:00+00:00
acct_0042,Northstar Customer 0042,Enterprise,DE,hs_100042,cus_bench_100042,2026-04-14T00:00:00+00:00
acct_0043,Northstar Customer 0043,SMB,GB,hs_100043,cus_bench_100043,2026-04-15T00:00:00+00:00
acct_0044,Northstar Customer 0044,Mid-market,US,hs_100044,cus_bench_100044,2026-04-16T00:00:00+00:00
acct_0045,Northstar Customer 0045,Enterprise,ES,hs_100045,cus_bench_100045,2026-04-17T00:00:00+00:00
acct_0046,Northstar Customer 0046,SMB,FR,hs_100046,cus_bench_100046,2026-04-18T00:00:00+00:00
acct_0047,Northstar Customer 0047,Mid-market,DE,hs_100047,cus_bench_100047,2026-04-19T00:00:00+00:00
acct_0048,Northstar Customer 0048,Enterprise,GB,hs_100048,cus_bench_100048,2026-04-20T00:00:00+00:00
acct_0049,Northstar Customer 0049,SMB,US,hs_100049,cus_bench_100049,2026-04-21T00:00:00+00:00
acct_0050,Northstar Customer 0050,Mid-market,ES,hs_100050,cus_bench_100050,2026-04-22T00:00:00+00:00
acct_0051,Northstar Customer 0051,Enterprise,FR,hs_100051,cus_bench_100051,2026-04-23T00:00:00+00:00
acct_0052,Northstar Customer 0052,SMB,DE,hs_100052,cus_bench_100052,2026-04-24T00:00:00+00:00
acct_0053,Northstar Customer 0053,Mid-market,GB,hs_100053,cus_bench_100053,2026-04-25T00:00:00+00:00
acct_0054,Northstar Customer 0054,Enterprise,US,hs_100054,cus_bench_100054,2026-04-26T00:00:00+00:00
acct_0055,Northstar Customer 0055,SMB,ES,hs_100055,cus_bench_100055,2026-04-27T00:00:00+00:00
acct_0056,Northstar Customer 0056,Mid-market,FR,hs_100056,cus_bench_100056,2026-04-28T00:00:00+00:00
acct_0057,Northstar Customer 0057,Enterprise,DE,hs_100057,cus_bench_100057,2026-04-29T00:00:00+00:00
acct_0058,Northstar Customer 0058,SMB,GB,hs_100058,cus_bench_100058,2026-04-30T00:00:00+00:00
acct_0059,Northstar Customer 0059,Mid-market,US,hs_100059,cus_bench_100059,2026-05-01T00:00:00+00:00
acct_0060,Northstar Customer 0060,Enterprise,ES,hs_100060,cus_bench_100060,2026-05-02T00:00:00+00:00
acct_0061,Northstar Customer 0061,SMB,FR,hs_100061,cus_bench_100061,2026-05-03T00:00:00+00:00
acct_0062,Northstar Customer 0062,Mid-market,DE,hs_100062,cus_bench_100062,2026-05-04T00:00:00+00:00
acct_0063,Northstar Customer 0063,Enterprise,GB,hs_100063,cus_bench_100063,2026-05-05T00:00:00+00:00
acct_0064,Northstar Customer 0064,SMB,US,hs_100064,cus_bench_100064,2026-05-06T00:00:00+00:00
acct_0065,Northstar Customer 0065,Mid-market,ES,hs_100065,cus_bench_100065,2026-05-07T00:00:00+00:00
acct_0066,Northstar Customer 0066,Enterprise,FR,hs_100066,cus_bench_100066,2026-05-08T00:00:00+00:00
acct_0067,Northstar Customer 0067,SMB,DE,hs_100067,cus_bench_100067,2026-05-09T00:00:00+00:00
acct_0068,Northstar Customer 0068,Mid-market,GB,hs_100068,cus_bench_100068,2026-05-10T00:00:00+00:00
acct_0069,Northstar Customer 0069,Enterprise,US,hs_100069,cus_bench_100069,2026-05-11T00:00:00+00:00
acct_0070,Northstar Customer 0070,SMB,ES,hs_100070,cus_bench_100070,2026-05-12T00:00:00+00:00
acct_0071,Northstar Customer 0071,Mid-market,FR,hs_100071,cus_bench_100071,2026-05-13T00:00:00+00:00
acct_0072,Northstar Customer 0072,Enterprise,DE,hs_100072,cus_bench_100072,2026-05-14T00:00:00+00:00
acct_0073,Northstar Customer 0073,SMB,GB,hs_100073,cus_bench_100073,2026-05-15T00:00:00+00:00
acct_0074,Northstar Customer 0074,Mid-market,US,hs_100074,cus_bench_100074,2026-05-16T00:00:00+00:00
acct_0075,Northstar Customer 0075,Enterprise,ES,hs_100075,cus_bench_100075,2026-05-17T00:00:00+00:00
acct_0076,Northstar Customer 0076,SMB,FR,hs_100076,cus_bench_100076,2026-05-18T00:00:00+00:00
acct_0077,Northstar Customer 0077,Mid-market,DE,hs_100077,cus_bench_100077,2026-05-19T00:00:00+00:00
acct_0078,Northstar Customer 0078,Enterprise,GB,hs_100078,cus_bench_100078,2026-05-20T00:00:00+00:00
acct_0079,Northstar Customer 0079,SMB,US,hs_100079,cus_bench_100079,2026-05-21T00:00:00+00:00
acct_0080,Northstar Customer 0080,Mid-market,ES,hs_100080,cus_bench_100080,2026-05-22T00:00:00+00:00
acct_0081,Northstar Customer 0081,Enterprise,FR,hs_100081,cus_bench_100081,2026-05-23T00:00:00+00:00
acct_0082,Northstar Customer 0082,SMB,DE,hs_100082,cus_bench_100082,2026-05-24T00:00:00+00:00
acct_0083,Northstar Customer 0083,Mid-market,GB,hs_100083,cus_bench_100083,2026-05-25T00:00:00+00:00
acct_0084,Northstar Customer 0084,Enterprise,US,hs_100084,cus_bench_100084,2026-05-26T00:00:00+00:00
acct_0085,Northstar Customer 0085,SMB,ES,hs_100085,cus_bench_100085,2026-05-27T00:00:00+00:00
acct_0086,Northstar Customer 0086,Mid-market,FR,hs_100086,cus_bench_100086,2026-05-28T00:00:00+00:00
acct_0087,Northstar Customer 0087,Enterprise,DE,hs_100087,cus_bench_100087,2026-05-29T00:00:00+00:00
acct_0088,Northstar Customer 0088,SMB,GB,hs_100088,cus_bench_100088,2026-05-30T00:00:00+00:00
acct_0089,Northstar Customer 0089,Mid-market,US,hs_100089,cus_bench_100089,2026-05-31T00:00:00+00:00
acct_0090,Northstar Customer 0090,Enterprise,ES,hs_100090,cus_bench_100090,2026-06-01T00:00:00+00:00
acct_0091,Northstar Customer 0091,SMB,FR,hs_100091,cus_bench_100091,2026-06-02T00:00:00+00:00
acct_0092,Northstar Customer 0092,Mid-market,DE,hs_100092,cus_bench_100092,2026-06-03T00:00:00+00:00
acct_0093,Northstar Customer 0093,Enterprise,GB,hs_100093,cus_bench_100093,2026-06-04T00:00:00+00:00
acct_0094,Northstar Customer 0094,SMB,US,hs_100094,cus_bench_100094,2026-06-05T00:00:00+00:00
acct_0095,Northstar Customer 0095,Mid-market,ES,hs_100095,cus_bench_100095,2026-06-06T00:00:00+00:00
acct_0096,Northstar Customer 0096,Enterprise,FR,hs_100096,cus_bench_100096,2026-06-07T00:00:00+00:00
acct_0097,Northstar Customer 0097,SMB,DE,hs_100097,cus_bench_100097,2026-06-08T00:00:00+00:00
acct_0098,Northstar Customer 0098,Mid-market,GB,hs_100098,cus_bench_100098,2026-06-09T00:00:00+00:00
acct_0099,Northstar Customer 0099,Enterprise,US,hs_100099,cus_bench_100099,2026-06-10T00:00:00+00:00
acct_0100,Northstar Customer 0100,SMB,ES,hs_100100,cus_bench_100100,2026-06-11T00:00:00+00:00
acct_0101,Northstar Customer 0101,Mid-market,FR,hs_100101,cus_bench_100101,2026-06-12T00:00:00+00:00
acct_0102,Northstar Customer 0102,Enterprise,DE,hs_100102,cus_bench_100102,2026-06-13T00:00:00+00:00
acct_0103,Northstar Customer 0103,SMB,GB,hs_100103,cus_bench_100103,2026-06-14T00:00:00+00:00
acct_0104,Northstar Customer 0104,Mid-market,US,hs_100104,cus_bench_100104,2026-06-15T00:00:00+00:00
acct_0105,Northstar Customer 0105,Enterprise,ES,hs_100105,cus_bench_100105,2026-06-16T00:00:00+00:00
acct_0106,Northstar Customer 0106,SMB,FR,hs_100106,cus_bench_100106,2026-06-17T00:00:00+00:00
acct_0107,Northstar Customer 0107,Mid-market,DE,hs_100107,cus_bench_100107,2026-06-18T00:00:00+00:00
acct_0108,Northstar Customer 0108,Enterprise,GB,hs_100108,cus_bench_100108,2026-06-19T00:00:00+00:00
acct_0109,Northstar Customer 0109,SMB,US,hs_100109,cus_bench_100109,2026-06-20T00:00:00+00:00
acct_0110,Northstar Customer 0110,Mid-market,ES,hs_100110,cus_bench_100110,2026-06-21T00:00:00+00:00
acct_0111,Northstar Customer 0111,Enterprise,FR,hs_100111,cus_bench_100111,2026-06-22T00:00:00+00:00
acct_0112,Northstar Customer 0112,SMB,DE,hs_100112,cus_bench_100112,2026-06-23T00:00:00+00:00
acct_0113,Northstar Customer 0113,Mid-market,GB,hs_100113,cus_bench_100113,2026-06-24T00:00:00+00:00
acct_0114,Northstar Customer 0114,Enterprise,US,hs_100114,cus_bench_100114,2026-06-25T00:00:00+00:00
acct_0115,Northstar Customer 0115,SMB,ES,hs_100115,cus_bench_100115,2026-06-26T00:00:00+00:00
acct_0116,Northstar Customer 0116,Mid-market,FR,hs_100116,cus_bench_100116,2026-06-27T00:00:00+00:00
acct_0117,Northstar Customer 0117,Enterprise,DE,hs_100117,cus_bench_100117,2026-06-28T00:00:00+00:00
acct_0118,Northstar Customer 0118,SMB,GB,hs_100118,cus_bench_100118,2026-06-29T00:00:00+00:00
acct_0119,Northstar Customer 0119,Mid-market,US,hs_100119,cus_bench_100119,2026-06-30T00:00:00+00:00
acct_0120,Northstar Customer 0120,Enterprise,ES,hs_100120,cus_bench_100120,2026-07-01T00:00:00+00:00
