contact_id,email,first_name,last_name,crm_company_id,account_id
contact_0001,finance@customer-1.example,Alex,Customer0001,hs_100001,acct_0001
contact_0002,finance@customer-2.example,Alex,Customer0002,hs_100002,acct_0002
contact_0003,finance@customer-3.example,Alex,Customer0003,hs_100003,acct_0003
contact_0004,finance@customer-4.example,Alex,Customer0004,hs_100004,acct_0004
contact_0005,finance@customer-5.example,Alex,Customer0005,hs_100005,acct_0005
contact_0006,finance@customer-6.example,Alex,Customer0006,hs_100006,acct_0006
contact_0007,finance@customer-7.example,Alex,Customer0007,hs_100007,acct_0007
contact_0008,finance@customer-8.example,Alex,Customer0008,hs_100008,acct_0008
contact_0009,finance@customer-9.example,Alex,Customer0009,hs_100009,acct_0009
contact_0010,finance@customer-10.example,Alex,Customer0010,hs_100010,acct_0010
contact_0011,finance@customer-11.example,Alex,Customer0011,hs_100011,acct_0011
contact_0012,finance@customer-12.example,Alex,Customer0012,hs_100012,acct_0012
contact_0013,finance@customer-13.example,Alex,Customer0013,hs_100013,acct_0013
contact_0014,finance@customer-14.example,Alex,Customer0014,hs_100014,acct_0014
contact_0015,finance@customer-15.example,Alex,Customer0015,hs_100015,acct_0015
contact_0016,finance@customer-16.example,Alex,Customer0016,hs_100016,acct_0016
contact_0017,finance@customer-17.example,Alex,Customer0017,hs_100017,acct_0017
contact_0018,finance@customer-18.example,Alex,Customer0018,hs_100018,acct_0018
contact_0019,finance@customer-19.example,Alex,Customer0019,hs_100019,acct_0019
contact_0020,finance@customer-20.example,Alex,Customer0020,hs_100020,acct_0020
contact_0021,finance@customer-21.example,Alex,Customer0021,hs_100021,acct_0021
contact_0022,finance@customer-22.example,Alex,Customer0022,hs_100022,acct_0022
contact_0023,finance@customer-23.example,Alex,Customer0023,hs_100023,acct_0023
contact_0024,finance@customer-24.example,Alex,Customer0024,hs_100024,acct_0024
contact_0025,finance@customer-25.example,Alex,Customer0025,hs_100025,acct_0025
contact_0026,finance@customer-26.example,Alex,Customer0026,hs_100026,acct_0026
contact_0027,finance@customer-27.example,Alex,Customer0027,hs_100027,acct_0027
contact_0028,finance@customer-28.example,Alex,Customer0028,hs_100028,acct_0028
contact_0029,finance@customer-29.example,Alex,Customer0029,hs_100029,acct_0029
contact_0030,finance@customer-30.example,Alex,Customer0030,hs_100030,acct_0030
contact_0031,finance@customer-31.example,Alex,Customer0031,hs_100031,acct_0031
contact_0032,finance@customer-32.example,Alex,Customer0032,hs_100032,acct_0032
contact_0033,finance@customer-33.example,Alex,Customer0033,hs_100033,acct_0033
contact_0034,finance@customer-34.example,Alex,Customer0034,hs_100034,acct_0034
contact_0035,finance@customer-35.example,Alex,Customer0035,hs_100035,acct_0035
contact_0036,finance@customer-36.example,Alex,Customer0036,hs_100036,acct_0036
contact_0037,finance@customer-37.example,Alex,Customer0037,hs_100037,acct_0037
contact_0038,finance@customer-38.example,Alex,Customer0038,hs_100038,acct_0038
contact_0039,finance@customer-39.example,Alex,Customer0039,hs_100039,acct_0039
contact_0040,finance@customer-40.example,Alex,Customer0040,hs_100040,acct_0040
contact_0041,finance@customer-41.example,Alex,Customer0041,hs_100041,acct_0041
contact_0042,finance@customer-42.example,Alex,Customer0042,hs_100042,acct_0042
contact_0043,finance@customer-43.example,Alex,Customer0043,hs_100043,acct_0043
contact_0044,finance@customer-44.example,Alex,Customer0044,hs_100044,acct_0044
contact_0045,finance@customer-45.example,Alex,Customer0045,hs_100045,acct_0045
contact_0046,finance@customer-46.example,Alex,Customer0046,hs_100046,acct_0046
contact_0047,finance@customer-47.example,Alex,Customer0047,hs_100047,acct_0047
contact_0048,finance@customer-48.example,Alex,Customer0048,hs_100048,acct_0048
contact_0049,finance@customer-49.example,Alex,Customer0049,hs_100049,acct_0049
contact_0050,finance@customer-50.example,Alex,Customer0050,hs_100050,acct_0050
contact_0051,finance@customer-51.example,Alex,Customer0051,hs_100051,acct_0051
contact_0052,finance@customer-52.example,Alex,Customer0052,hs_100052,acct_0052
contact_0053,finance@customer-53.example,Alex,Customer0053,hs_100053,acct_0053
contact_0054,finance@customer-54.example,Alex,Customer0054,hs_100054,acct_0054
contact_0055,finance@customer-55.example,Alex,Customer0055,hs_100055,acct_0055
contact_0056,finance@customer-56.example,Alex,Customer0056,hs_100056,acct_0056
contact_0057,finance@customer-57.example,Alex,Customer0057,hs_100057,acct_0057
contact_0058,finance@customer-58.example,Alex,Customer0058,hs_100058,acct_0058
contact_0059,finance@customer-59.example,Alex,Customer0059,hs_100059,acct_0059
contact_0060,finance@customer-60.example,Alex,Customer0060,hs_100060,acct_0060
contact_0061,finance@customer-61.example,Alex,Customer0061,hs_100061,acct_0061
contact_0062,finance@customer-62.example,Alex,Customer0062,hs_100062,acct_0062
contact_0063,finance@customer-63.example,Alex,Customer0063,hs_100063,acct_0063
contact_0064,finance@customer-64.example,Alex,Customer0064,hs_100064,acct_0064
contact_0065,finance@customer-65.example,Alex,Customer0065,hs_100065,acct_0065
contact_0066,finance@customer-66.example,Alex,Customer0066,hs_100066,acct_0066
contact_0067,finance@customer-67.example,Alex,Customer0067,hs_100067,acct_0067
contact_0068,finance@customer-68.example,Alex,Customer0068,hs_100068,acct_0068
contact_0069,finance@customer-69.example,Alex,Customer0069,hs_100069,acct_0069
contact_0070,finance@customer-70.example,Alex,Customer0070,hs_100070,acct_0070
contact_0071,finance@customer-71.example,Alex,Customer0071,hs_100071,acct_0071
contact_0072,finance@customer-72.example,Alex,Customer0072,hs_100072,acct_0072
contact_0073,finance@customer-73.example,Alex,Customer0073,hs_100073,acct_0073
contact_0074,finance@customer-74.example,Alex,Customer0074,hs_100074,acct_0074
contact_0075,finance@customer-75.example,Alex,Customer0075,hs_100075,acct_0075
contact_0076,finance@customer-76.example,Alex,Customer0076,hs_100076,acct_0076
contact_0077,finance@customer-77.example,Alex,Customer0077,hs_100077,acct_0077
contact_0078,finance@customer-78.example,Alex,Customer0078,hs_100078,acct_0078
contact_0079,finance@customer-79.example,Alex,Customer0079,hs_100079,acct_0079
contact_0080,finance@customer-80.example,Alex,Customer0080,hs_100080,acct_0080
contact_0081,finance@customer-81.example,Alex,Customer0081,hs_100081,acct_0081
contact_0082,finance@customer-82.example,Alex,Customer0082,hs_100082,acct_0082
contact_0083,finance@customer-83.example,Alex,Customer0083,hs_100083,acct_0083
contact_0084,finance@customer-84.example,Alex,Customer0084,hs_100084,acct_0084
contact_0085,finance@customer-85.example,Alex,Customer0085,hs_100085,acct_0085
contact_0086,finance@customer-86.example,Alex,Customer0086,hs_100086,acct_0086
contact_0087,finance@customer-87.example,Alex,Customer0087,hs_100087,acct_0087
contact_0088,finance@customer-88.example,Alex,Customer0088,hs_100088,acct_0088
contact_0089,finance@customer-89.example,Alex,Customer0089,hs_100089,acct_0089
contact_0090,finance@customer-90.example,Alex,Customer0090,hs_100090,acct_0090
contact_0091,finance@customer-91.example,Alex,Customer0091,hs_100091,acct_0091
contact_0092,finance@customer-92.example,Alex,Customer0092,hs_100092,acct_0092
contact_0093,finance@customer-93.example,Alex,Customer0093,hs_100093,acct_0093
contact_0094,finance@customer-94.example,Alex,Customer0094,hs_100094,acct_0094
contact_0095,finance@customer-95.example,Alex,Customer0095,hs_100095,acct_0095
contact_0096,finance@customer-96.example,Alex,Customer0096,hs_100096,acct_0096
contact_0097,finance@customer-97.example,Alex,Customer0097,hs_100097,acct_0097
contact_0098,finance@customer-98.example,Alex,Customer0098,hs_100098,acct_0098
contact_0099,finance@customer-99.example,Alex,Customer0099,hs_100099,acct_0099
contact_0100,finance@customer-100.example,Alex,Customer0100,hs_100100,acct_0100
contact_0101,finance@customer-101.example,Alex,Customer0101,hs_100101,acct_0101
contact_0102,finance@customer-102.example,Alex,Customer0102,hs_100102,acct_0102
contact_0103,finance@customer-103.example,Alex,Customer0103,hs_100103,acct_0103
contact_0104,finance@customer-104.example,Alex,Customer0104,hs_100104,acct_0104
contact_0105,finance@customer-105.example,Alex,Customer0105,hs_100105,acct_0105
contact_0106,finance@customer-106.example,Alex,Customer0106,hs_100106,acct_0106
contact_0107,finance@customer-107.example,Alex,Customer0107,hs_100107,acct_0107
contact_0108,finance@customer-108.example,Alex,Customer0108,hs_100108,acct_0108
contact_0109,finance@customer-109.example,Alex,Customer0109,hs_100109,acct_0109
contact_0110,finance@customer-110.example,Alex,Customer0110,hs_100110,acct_0110
contact_0111,finance@customer-111.example,Alex,Customer0111,hs_100111,acct_0111
contact_0112,finance@customer-112.example,Alex,Customer0112,hs_100112,acct_0112
contact_0113,finance@customer-113.example,Alex,Customer0113,hs_100113,acct_0113
contact_0114,finance@customer-114.example,Alex,Customer0114,hs_100114,acct_0114
contact_0115,finance@customer-115.example,Alex,Customer0115,hs_100115,acct_0115
contact_0116,finance@customer-116.example,Alex,Customer0116,hs_100116,acct_0116
contact_0117,finance@customer-117.example,Alex,Customer0117,hs_100117,acct_0117
contact_0118,finance@customer-118.example,Alex,Customer0118,hs_100118,acct_0118
contact_0119,finance@customer-119.example,Alex,Customer0119,hs_100119,acct_0119
contact_0120,finance@customer-120.example,Alex,Customer0120,hs_100120,acct_0120
