deal_id,crm_company_id,account_id,stage,amount_cents,expected_mrr_cents,closed_at
deal_0001,hs_100001,acct_0001,closedwon,358800,29900,2026-06-02T00:00:00+00:00
deal_0002,hs_100002,acct_0002,closedwon,598800,49900,2026-06-03T00:00:00+00:00
deal_0003,hs_100003,acct_0003,closedwon,1078800,89900,2026-06-04T00:00:00+00:00
deal_0004,hs_100004,acct_0004,closedwon,358800,29900,2026-06-05T00:00:00+00:00
deal_0005,hs_100005,acct_0005,closedwon,598800,49900,2026-06-06T00:00:00+00:00
deal_0006,hs_100006,acct_0006,closedwon,1078800,89900,2026-06-07T00:00:00+00:00
deal_0007,hs_100007,acct_0007,closedwon,358800,29900,2026-06-08T00:00:00+00:00
deal_0008,hs_100008,acct_0008,closedwon,598800,49900,2026-06-09T00:00:00+00:00
deal_0009,hs_100009,acct_0009,closedwon,1078800,89900,2026-06-10T00:00:00+00:00
deal_0010,hs_100010,acct_0010,closedwon,358800,29900,2026-06-11T00:00:00+00:00
deal_0011,hs_100011,acct_0011,closedwon,598800,49900,2026-06-12T00:00:00+00:00
deal_0012,hs_100012,acct_0012,closedwon,1078800,89900,2026-06-13T00:00:00+00:00
deal_0013,hs_100013,acct_0013,closedwon,358800,29900,2026-06-14T00:00:00+00:00
deal_0014,hs_100014,acct_0014,closedwon,598800,49900,2026-06-15T00:00:00+00:00
deal_0015,hs_100015,acct_0015,closedwon,1078800,89900,2026-06-16T00:00:00+00:00
deal_0016,hs_100016,acct_0016,closedwon,358800,29900,2026-06-17T00:00:00+00:00
deal_0017,hs_100017,acct_0017,closedwon,598800,49900,2026-06-18T00:00:00+00:00
deal_0018,hs_100018,acct_0018,closedwon,1078800,89900,2026-06-19T00:00:00+00:00
deal_0019,hs_100019,acct_0019,closedwon,358800,29900,2026-06-20T00:00:00+00:00
deal_0020,hs_100020,acct_0020,closedwon,598800,49900,2026-06-01T00:00:00+00:00
deal_0021,hs_100021,acct_0021,closedwon,1078800,89900,2026-06-02T00:00:00+00:00
deal_0022,hs_100022,acct_0022,closedwon,358800,29900,2026-06-03T00:00:00+00:00
deal_0023,hs_100023,acct_0023,closedwon,598800,49900,2026-06-04T00:00:00+00:00
deal_0024,hs_100024,acct_0024,closedwon,1078800,89900,2026-06-05T00:00:00+00:00
deal_0025,hs_100025,acct_0025,closedwon,358800,29900,2026-06-06T00:00:00+00:00
deal_0026,hs_100026,acct_0026,closedwon,598800,49900,2026-06-07T00:00:00+00:00
deal_0027,hs_100027,acct_0027,closedwon,1078800,89900,2026-06-08T00:00:00+00:00
deal_0028,hs_100028,acct_0028,closedwon,358800,29900,2026-06-09T00:00:00+00:00
deal_0029,hs_100029,acct_0029,closedwon,598800,49900,2026-06-10T00:00:00+00:00
deal_0030,hs_100030,acct_0030,closedwon,1078800,89900,2026-06-11T00:00:00+00:00
deal_0031,hs_100031,acct_0031,closedwon,358800,29900,2026-06-12T00:00:00+00:00
deal_0032,hs_100032,acct_0032,closedwon,598800,49900,2026-06-13T00:00:00+00:00
deal_0033,hs_100033,acct_0033,closedwon,1078800,89900,2026-06-14T00:00:00+00:00
deal_0034,hs_100034,acct_0034,closedwon,358800,29900,2026-06-15T00:00:00+00:00
deal_0035,hs_100035,acct_0035,closedwon,598800,49900,2026-06-16T00:00:00+00:00
deal_0036,hs_100036,acct_0036,closedwon,1078800,89900,2026-06-17T00:00:00+00:00
deal_0037,hs_100037,acct_0037,closedwon,358800,29900,2026-06-18T00:00:00+00:00
deal_0038,hs_100038,acct_0038,closedwon,598800,49900,2026-06-19T00:00:00+00:00
deal_0039,hs_100039,acct_0039,closedwon,1078800,89900,2026-06-20T00:00:00+00:00
deal_0040,hs_100040,acct_0040,closedwon,358800,29900,2026-06-01T00:00:00+00:00
deal_0041,hs_100041,acct_0041,closedwon,598800,49900,2026-06-02T00:00:00+00:00
deal_0042,hs_100042,acct_0042,closedwon,1078800,89900,2026-06-03T00:00:00+00:00
deal_0043,hs_100043,acct_0043,closedwon,358800,29900,2026-06-04T00:00:00+00:00
deal_0044,hs_100044,acct_0044,closedwon,598800,49900,2026-06-05T00:00:00+00:00
deal_0045,hs_100045,acct_0045,closedwon,1078800,89900,2026-06-06T00:00:00+00:00
deal_0046,hs_100046,acct_0046,closedwon,358800,29900,2026-06-07T00:00:00+00:00
deal_0047,hs_100047,acct_0047,closedwon,598800,49900,2026-06-08T00:00:00+00:00
deal_0048,hs_100048,acct_0048,closedwon,1078800,89900,2026-06-09T00:00:00+00:00
deal_0049,hs_100049,acct_0049,closedwon,358800,29900,2026-06-10T00:00:00+00:00
deal_0050,hs_100050,acct_0050,closedwon,598800,49900,2026-06-11T00:00:00+00:00
deal_0051,hs_100051,acct_0051,closedwon,1078800,89900,2026-06-12T00:00:00+00:00
deal_0052,hs_100052,acct_0052,closedwon,358800,29900,2026-06-13T00:00:00+00:00
deal_0053,hs_100053,acct_0053,closedwon,598800,49900,2026-06-14T00:00:00+00:00
deal_0054,hs_100054,acct_0054,closedwon,1078800,89900,2026-06-15T00:00:00+00:00
deal_0055,hs_100055,acct_0055,closedwon,358800,29900,2026-06-16T00:00:00+00:00
deal_0056,hs_100056,acct_0056,closedwon,598800,49900,2026-06-17T00:00:00+00:00
deal_0057,hs_100057,acct_0057,closedwon,1078800,89900,2026-06-18T00:00:00+00:00
deal_0058,hs_100058,acct_0058,closedwon,358800,29900,2026-06-19T00:00:00+00:00
deal_0059,hs_100059,acct_0059,closedwon,598800,49900,2026-06-20T00:00:00+00:00
deal_0060,hs_100060,acct_0060,closedwon,1078800,89900,2026-06-01T00:00:00+00:00
deal_0061,hs_100061,acct_0061,closedwon,358800,29900,2026-06-02T00:00:00+00:00
deal_0062,hs_100062,acct_0062,closedwon,598800,49900,2026-06-03T00:00:00+00:00
deal_0063,hs_100063,acct_0063,closedwon,1078800,89900,2026-06-04T00:00:00+00:00
deal_0064,hs_100064,acct_0064,closedwon,358800,29900,2026-06-05T00:00:00+00:00
deal_0065,hs_100065,acct_0065,closedwon,598800,49900,2026-06-06T00:00:00+00:00
deal_0066,hs_100066,acct_0066,closedwon,1078800,89900,2026-06-07T00:00:00+00:00
deal_0067,hs_100067,acct_0067,closedwon,358800,29900,2026-06-08T00:00:00+00:00
deal_0068,hs_100068,acct_0068,closedwon,598800,49900,2026-06-09T00:00:00+00:00
deal_0069,hs_100069,acct_0069,closedwon,1078800,89900,2026-06-10T00:00:00+00:00
deal_0070,hs_100070,acct_0070,closedwon,358800,29900,2026-06-11T00:00:00+00:00
deal_0071,hs_100071,acct_0071,closedwon,598800,49900,2026-06-12T00:00:00+00:00
deal_0072,hs_100072,acct_0072,closedwon,1078800,89900,2026-06-13T00:00:00+00:00
deal_0073,hs_100073,acct_0073,closedwon,358800,29900,2026-06-14T00:00:00+00:00
deal_0074,hs_100074,acct_0074,closedwon,598800,49900,2026-06-15T00:00:00+00:00
deal_0075,hs_100075,acct_0075,closedwon,1078800,89900,2026-06-16T00:00:00+00:00
deal_0076,hs_100076,acct_0076,closedwon,358800,29900,2026-06-17T00:00:00+00:00
deal_0077,hs_100077,acct_0077,closedwon,598800,49900,2026-06-18T00:00:00+00:00
deal_0078,hs_100078,acct_0078,closedwon,1078800,89900,2026-06-19T00:00:00+00:00
deal_0079,hs_100079,acct_0079,closedwon,358800,29900,2026-06-20T00:00:00+00:00
deal_0080,hs_100080,acct_0080,closedwon,598800,49900,2026-06-01T00:00:00+00:00
deal_0081,hs_100081,acct_0081,closedwon,1078800,89900,2026-06-02T00:00:00+00:00
deal_0082,hs_100082,acct_0082,closedwon,358800,29900,2026-06-03T00:00:00+00:00
deal_0083,hs_100083,acct_0083,closedwon,598800,49900,2026-06-04T00:00:00+00:00
deal_0084,hs_100084,acct_0084,closedwon,1078800,89900,2026-06-05T00:00:00+00:00
deal_0085,hs_100085,acct_0085,closedwon,358800,29900,2026-06-06T00:00:00+00:00
deal_0086,hs_100086,acct_0086,closedwon,598800,49900,2026-06-07T00:00:00+00:00
deal_0087,hs_100087,acct_0087,closedwon,1078800,89900,2026-06-08T00:00:00+00:00
deal_0088,hs_100088,acct_0088,closedwon,358800,29900,2026-06-09T00:00:00+00:00
deal_0089,hs_100089,acct_0089,closedwon,598800,49900,2026-06-10T00:00:00+00:00
deal_0090,hs_100090,acct_0090,closedwon,1078800,89900,2026-06-11T00:00:00+00:00
deal_0091,hs_100091,acct_0091,closedwon,358800,29900,2026-06-12T00:00:00+00:00
deal_0092,hs_100092,acct_0092,closedwon,598800,49900,2026-06-13T00:00:00+00:00
deal_0093,hs_100093,acct_0093,closedwon,1078800,89900,2026-06-14T00:00:00+00:00
deal_0094,hs_100094,acct_0094,closedwon,358800,29900,2026-06-15T00:00:00+00:00
deal_0095,hs_100095,acct_0095,closedwon,598800,49900,2026-06-16T00:00:00+00:00
deal_0096,hs_100096,acct_0096,closedwon,1078800,89900,2026-06-17T00:00:00+00:00
deal_0097,hs_100097,acct_0097,closedwon,358800,29900,2026-06-18T00:00:00+00:00
deal_0098,hs_100098,acct_0098,closedwon,598800,49900,2026-06-19T00:00:00+00:00
deal_0099,hs_100099,acct_0099,closedwon,1078800,89900,2026-06-20T00:00:00+00:00
deal_0100,hs_100100,acct_0100,closedwon,358800,29900,2026-06-01T00:00:00+00:00
deal_0101,hs_100101,acct_0101,closedwon,598800,49900,2026-06-02T00:00:00+00:00
deal_0102,hs_100102,acct_0102,closedwon,1078800,89900,2026-06-03T00:00:00+00:00
deal_0103,hs_100103,acct_0103,closedwon,358800,29900,2026-06-04T00:00:00+00:00
deal_0104,hs_100104,acct_0104,closedwon,598800,49900,2026-06-05T00:00:00+00:00
deal_0105,hs_100105,acct_0105,closedwon,1078800,89900,2026-06-06T00:00:00+00:00
deal_0106,hs_100106,acct_0106,closedwon,358800,29900,2026-06-07T00:00:00+00:00
deal_0107,hs_100107,acct_0107,closedwon,598800,49900,2026-06-08T00:00:00+00:00
deal_0108,hs_100108,acct_0108,closedwon,1078800,89900,2026-06-09T00:00:00+00:00
deal_0109,hs_100109,acct_0109,closedwon,358800,29900,2026-06-10T00:00:00+00:00
deal_0110,hs_100110,acct_0110,closedwon,598800,49900,2026-06-11T00:00:00+00:00
deal_0111,hs_100111,acct_0111,closedwon,1078800,89900,2026-06-12T00:00:00+00:00
deal_0112,hs_100112,acct_0112,closedwon,358800,29900,2026-06-13T00:00:00+00:00
deal_0113,hs_100113,acct_0113,closedwon,598800,49900,2026-06-14T00:00:00+00:00
deal_0114,hs_100114,acct_0114,closedwon,1078800,89900,2026-06-15T00:00:00+00:00
deal_0115,hs_100115,acct_0115,closedwon,358800,29900,2026-06-16T00:00:00+00:00
deal_0116,hs_100116,acct_0116,closedwon,598800,49900,2026-06-17T00:00:00+00:00
deal_0117,hs_100117,acct_0117,closedwon,1078800,89900,2026-06-18T00:00:00+00:00
deal_0118,hs_100118,acct_0118,closedwon,358800,29900,2026-06-19T00:00:00+00:00
deal_0119,hs_100119,acct_0119,closedwon,598800,49900,2026-06-20T00:00:00+00:00
deal_0120,hs_100120,acct_0120,closedwon,1078800,89900,2026-06-01T00:00:00+00:00
